<b><color=#007ca4>ShineCreative</color></b>,
,
________Producer________
Fabio Maier
Mario Schneider
,
_____Programmierer______
Angelo Fric
Fabio Maier
Mario Schneider
,
_________Writer_________
Fabio Maier
Mario Schneider
Matthias Reingruber
,
_________Artists_________
Alexandros Simeonidis
Lukas Wuest
Mario Schneider
Vanessa Nguyen
,
_______Game Design______
Andrej Kauz
Jonas Liphardt
Mario Schneider
Matthias Reingruber
,
_______Sound Design______
Andrej Kauz
,
<b><color=#007ca4>ShineCreative</color></b>,
,
________Producer________
Fabio Maier
Mario Schneider
,
_____Programmierer______
Angelo Fric
Fabio Maier
Mario Schneider
,
_________Writer_________
Fabio Maier
Mario Schneider
Matthias Reingruber
,
_________Artists_________
Alexandros Simeonidis
Lukas Wuest
Mario Schneider
Vanessa Nguyen
,
_______Game Design______
Andrej Kauz
Jonas Liphardt
Mario Schneider
Matthias Reingruber
,
_______Sound Design______
Andrej Kauz
,
<b><color=#007ca4>ShineCreative</color></b>,
,
________Producer________
Fabio Maier
Mario Schneider
,
_____Programmierer______
Angelo Fric
Fabio Maier
Mario Schneider
,
_________Writer_________
Fabio Maier
Mario Schneider
Matthias Reingruber
,
_________Artists_________
Alexandros Simeonidis
Lukas Wuest
Mario Schneider
Vanessa Nguyen
,
_______Game Design______
Andrej Kauz
Jonas Liphardt
Mario Schneider
Matthias Reingruber
,
_______Sound Design______
Andrej Kauz
,
<b><color=#007ca4>ShineCreative</color></b>,
,
________Producer________
Fabio Maier
Mario Schneider
,
_____Programmierer______
Angelo Fric
Fabio Maier
Mario Schneider
,
_________Writer_________
Fabio Maier
Mario Schneider
Matthias Reingruber
,
_________Artists_________
Alexandros Simeonidis
Lukas Wuest
Mario Schneider
Vanessa Nguyen
,
_______Game Design______
Andrej Kauz
Jonas Liphardt
Mario Schneider
Matthias Reingruber
,
_______Sound Design______
Andrej Kauz
,
<b><color=#007ca4>ShineCreative</color></b>,
,
________Producer________
Fabio Maier
Mario Schneider
,
_____Programmierer______
Angelo Fric
Fabio Maier
Mario Schneider
,
_________Writer_________
Fabio Maier
Mario Schneider
Matthias Reingruber
,
_________Artists_________
Alexandros Simeonidis
Lukas Wuest
Mario Schneider
Vanessa Nguyen
,
_______Game Design______
Andrej Kauz
Jonas Liphardt
Mario Schneider
Matthias Reingruber
,
_______Sound Design______
Andrej Kauz
,
<b><color=#007ca4>ShineCreative</color></b>,
,
________Producer________
Fabio Maier
Mario Schneider
,
_____Programmierer______
Angelo Fric
Fabio Maier
Mario Schneider
,
_________Writer_________
Fabio Maier
Mario Schneider
Matthias Reingruber
,
_________Artists_________
Alexandros Simeonidis
Lukas Wuest
Mario Schneider
Vanessa Nguyen
,
_______Game Design______
Andrej Kauz
Jonas Liphardt
Mario Schneider
Matthias Reingruber
,
_______Sound Design______
Andrej Kauz
,
<b><color=#007ca4>ShineCreative</color></b>,
,
________Producer________
Fabio Maier
Mario Schneider
,
_____Programmierer______
Angelo Fric
Fabio Maier
Mario Schneider
,
_________Writer_________
Fabio Maier
Mario Schneider
Matthias Reingruber
,
_________Artists_________
Alexandros Simeonidis
Lukas Wuest
Mario Schneider
Vanessa Nguyen
,
_______Game Design______
Andrej Kauz
Jonas Liphardt
Mario Schneider
Matthias Reingruber
,
_______Sound Design______
Andrej Kauz
,
<b><color=#007ca4>ShineCreative</color></b>,
,
________Producer________
Fabio Maier
Mario Schneider
,
_____Programmierer______
Angelo Fric
Fabio Maier
Mario Schneider
,
_________Writer_________
Fabio Maier
Mario Schneider
Matthias Reingruber
,
_________Artists_________
Alexandros Simeonidis
Lukas Wuest
Mario Schneider
Vanessa Nguyen
,
_______Game Design______
Andrej Kauz
Jonas Liphardt
Mario Schneider
Matthias Reingruber
,
_______Sound Design______
Andrej Kauz
,
<b><color=#007ca4>ShineCreative</color></b>,
,
________Producer________
Fabio Maier
Mario Schneider
,
_____Programmierer______
Angelo Fric
Fabio Maier
Mario Schneider
,
_________Writer_________
Fabio Maier
Mario Schneider
Matthias Reingruber
,
_________Artists_________
Alexandros Simeonidis
Lukas Wuest
Mario Schneider
Vanessa Nguyen
,
_______Game Design______
Andrej Kauz
Jonas Liphardt
Mario Schneider
Matthias Reingruber
,
_______Sound Design______
Andrej Kauz
,
